"ProductName","month_year","total_sales_amount"
AWC Logo Cap,"01-2012",1731.05
Cable Lock,"01-2012",2511.31
"Full-Finger Gloves, L","01-2012",8469.51
"Full-Finger Gloves, M","01-2012",5888.76
"Full-Finger Gloves, S","01-2012",1937.49
HL Fork,"01-2012",8812.42
HL Headset,"01-2012",2245.14
"HL Mountain Frame - Silver, 38","01-2012",53587.63
"HL Mountain Frame - Silver, 42","01-2012",34980.82
"HL Mountain Frame - Silver, 46","01-2012",23816.73
HL Mountain Front Wheel,"01-2012",11348.13
HL Mountain Handlebars,"01-2012",3083.28
HL Mountain Rear Wheel,"01-2012",23559.48
"HL Road Frame - Black, 44","01-2012",54657.27
"HL Road Frame - Black, 48","01-2012",14054.73
"HL Road Frame - Red, 44","01-2012",42945.0
"HL Road Frame - Red, 48","01-2012",15616.36
"HL Road Frame - Red, 62","01-2012",46849.09
HL Road Front Wheel,"01-2012",20793.78
HL Road Handlebars,"01-2012",4460.92
HL Road Rear Wheel,"01-2012",8569.44
"Half-Finger Gloves, L","01-2012",692.32
"Half-Finger Gloves, M","01-2012",1808.5
"Half-Finger Gloves, S","01-2012",748.83
LL Fork,"01-2012",2223.3
LL Headset,"01-2012",636.12
LL Mountain Front Wheel,"01-2012",4494.47
LL Mountain Handlebars,"01-2012",2040.74
LL Mountain Rear Wheel,"01-2012",4159.11
"LL Road Frame - Black, 44","01-2012",4598.45
"LL Road Frame - Black, 52","01-2012",21336.83
"LL Road Frame - Black, 58","01-2012",13059.61
"LL Road Frame - Black, 60","01-2012",4782.39
"LL Road Frame - Red, 44","01-2012",26100.83
"LL Road Frame - Red, 48","01-2012",15984.23
"LL Road Frame - Red, 52","01-2012",5462.96
"LL Road Frame - Red, 60","01-2012",20435.53
"LL Road Frame - Red, 62","01-2012",15377.23
LL Road Handlebars,"01-2012",1214.72
LL Road Rear Wheel,"01-2012",8577.45
"Long-Sleeve Logo Jersey, L","01-2012",9259.92
"Long-Sleeve Logo Jersey, M","01-2012",6057.96
"Long-Sleeve Logo Jersey, XL","01-2012",4608.37
ML Headset,"01-2012",5933.33
"ML Mountain Frame - Black, 38","01-2012",12346.1
"ML Mountain Frame - Black, 40","01-2012",5022.14
"ML Mountain Frame - Black, 44","01-2012",17577.5
"ML Mountain Frame - Black, 48","01-2012",27831.05
ML Mountain Front Wheel,"01-2012",6646.99
ML Mountain Handlebars,"01-2012",3512.55
ML Mountain Rear Wheel,"01-2012",16621.07
"ML Road Frame-W - Yellow, 38","01-2012",23036.14
"ML Road Frame-W - Yellow, 40","01-2012",7786.86
"ML Road Frame-W - Yellow, 44","01-2012",39907.68
"ML Road Frame-W - Yellow, 48","01-2012",25307.31
ML Road Front Wheel,"01-2012",15499.22
ML Road Rear Wheel,"01-2012",4130.77
"Men's Bib-Shorts, L","01-2012",5831.35
"Men's Bib-Shorts, M","01-2012",12906.58
"Men's Bib-Shorts, S","01-2012",7442.61
"Men's Sports Shorts, L","01-2012",1475.75
"Men's Sports Shorts, M","01-2012",5374.46
"Men's Sports Shorts, S","01-2012",1907.68
Minipump,"01-2012",2066.75
"Mountain-200 Black, 38","01-2012",162288.57
"Mountain-200 Black, 42","01-2012",147535.07
"Mountain-200 Black, 46","01-2012",97127.25
"Mountain-200 Silver, 38","01-2012",139199.4
"Mountain-200 Silver, 42","01-2012",161570.73
"Mountain-200 Silver, 46","01-2012",169485.21
"Mountain-300 Black, 38","01-2012",42767.6
"Mountain-300 Black, 40","01-2012",55727.48
"Mountain-300 Black, 44","01-2012",57671.47
"Mountain-300 Black, 48","01-2012",46655.57
"Road-250 Black, 44","01-2012",115186.5
"Road-250 Black, 48","01-2012",112568.63
"Road-250 Black, 52","01-2012",74609.44
"Road-250 Black, 58","01-2012",51048.56
"Road-250 Red, 44","01-2012",129100.51
"Road-250 Red, 48","01-2012",129008.88
"Road-250 Red, 52","01-2012",111416.76
"Road-250 Red, 58","01-2012",64137.94
"Road-550-W Yellow, 38","01-2012",53423.36
"Road-550-W Yellow, 40","01-2012",54023.63
"Road-550-W Yellow, 42","01-2012",44419.43
"Road-550-W Yellow, 44","01-2012",25811.29
"Road-550-W Yellow, 48","01-2012",50422.05
"Sport-100 Helmet, Black","01-2012",4804.39
"Sport-100 Helmet, Blue","01-2012",4864.92
"Sport-100 Helmet, Red","01-2012",4305.03
"Women's Tights, L","01-2012",12040.01
"Women's Tights, M","01-2012",2609.65
"Women's Tights, S","01-2012",12441.75
AWC Logo Cap,"02-2012",1119.71
Cable Lock,"02-2012",2205.77
"Full-Finger Gloves, L","02-2012",7197.64
"Full-Finger Gloves, M","02-2012",5492.69
"Full-Finger Gloves, S","02-2012",1686.76
HL Fork,"02-2012",7609.34
HL Headset,"02-2012",2170.3
"HL Mountain Frame - Silver, 38","02-2012",48377.73
"HL Mountain Frame - Silver, 42","02-2012",22328.18
"HL Mountain Frame - Silver, 46","02-2012",19351.09
HL Mountain Front Wheel,"02-2012",7565.42
HL Mountain Handlebars,"02-2012",2886.48
HL Mountain Rear Wheel,"02-2012",20056.32
"HL Road Frame - Black, 44","02-2012",31232.73
"HL Road Frame - Black, 48","02-2012",12493.09
"HL Road Frame - Red, 44","02-2012",38260.09
"HL Road Frame - Red, 48","02-2012",11712.27
"HL Road Frame - Red, 62","02-2012",39040.91
HL Road Front Wheel,"02-2012",12476.27
HL Road Handlebars,"02-2012",3083.28
HL Road Rear Wheel,"02-2012",7498.26
"Half-Finger Gloves, L","02-2012",734.7
"Half-Finger Gloves, M","02-2012",1591.35
"Half-Finger Gloves, S","02-2012",649.93
LL Fork,"02-2012",2845.82
LL Headset,"02-2012",554.04
LL Mountain Front Wheel,"02-2012",3025.1
LL Mountain Handlebars,"02-2012",1773.5
LL Mountain Rear Wheel,"02-2012",3632.64
"LL Road Frame - Black, 44","02-2012",4230.58
"LL Road Frame - Black, 52","02-2012",14792.43
"LL Road Frame - Black, 58","02-2012",9196.91
"LL Road Frame - Black, 60","02-2012",3126.95
"LL Road Frame - Red, 44","02-2012",17070.35
"LL Road Frame - Red, 48","02-2012",9509.6
"LL Road Frame - Red, 52","02-2012",2832.65
"LL Road Frame - Red, 60","02-2012",21649.52
"LL Road Frame - Red, 62","02-2012",7486.28
LL Road Handlebars,"02-2012",1068.96
LL Road Rear Wheel,"02-2012",5470.66
"Long-Sleeve Logo Jersey, L","02-2012",7319.52
"Long-Sleeve Logo Jersey, M","02-2012",3553.4
"Long-Sleeve Logo Jersey, XL","02-2012",3855.48
ML Headset,"02-2012",5491.94
"ML Mountain Frame - Black, 38","02-2012",9416.52
"ML Mountain Frame - Black, 40","02-2012",5649.91
"ML Mountain Frame - Black, 44","02-2012",16531.22
"ML Mountain Frame - Black, 48","02-2012",24901.46
ML Mountain Front Wheel,"02-2012",6019.92
ML Mountain Handlebars,"02-2012",3546.32
ML Mountain Rear Wheel,"02-2012",15166.35
"ML Road Frame-W - Yellow, 38","02-2012",11680.3
"ML Road Frame-W - Yellow, 40","02-2012",9733.58
"ML Road Frame-W - Yellow, 44","02-2012",32120.82
"ML Road Frame-W - Yellow, 48","02-2012",14275.92
ML Road Front Wheel,"02-2012",8941.86
ML Road Rear Wheel,"02-2012",4791.7
"Men's Bib-Shorts, L","02-2012",4859.46
"Men's Bib-Shorts, M","02-2012",11845.07
"Men's Bib-Shorts, S","02-2012",6439.47
"Men's Sports Shorts, L","02-2012",2231.63
"Men's Sports Shorts, M","02-2012",4640.98
"Men's Sports Shorts, S","02-2012",2159.64
Minipump,"02-2012",1634.97
"Mountain-200 Black, 38","02-2012",158016.62
"Mountain-200 Black, 42","02-2012",162365.42
"Mountain-200 Black, 46","02-2012",105021.2
"Mountain-200 Silver, 38","02-2012",131022.27
"Mountain-200 Silver, 42","02-2012",139722.23
"Mountain-200 Silver, 46","02-2012",131742.29
"Mountain-300 Black, 38","02-2012",30455.72
"Mountain-300 Black, 40","02-2012",56375.48
"Mountain-300 Black, 44","02-2012",46655.57
"Mountain-300 Black, 48","02-2012",53783.5
"Road-250 Black, 44","02-2012",91349.0
"Road-250 Black, 48","02-2012",83013.69
"Road-250 Black, 52","02-2012",75918.38
"Road-250 Black, 58","02-2012",35341.31
"Road-250 Red, 44","02-2012",97296.15
"Road-250 Red, 48","02-2012",73917.2
"Road-250 Red, 52","02-2012",58640.4
"Road-250 Red, 58","02-2012",23560.88
"Road-550-W Yellow, 38","02-2012",42018.38
"Road-550-W Yellow, 40","02-2012",39017.06
"Road-550-W Yellow, 42","02-2012",24010.5
"Road-550-W Yellow, 44","02-2012",16807.35
"Road-550-W Yellow, 48","02-2012",40777.83
"Sport-100 Helmet, Black","02-2012",3887.28
"Sport-100 Helmet, Blue","02-2012",3726.49
"Sport-100 Helmet, Red","02-2012",3874.83
"Women's Tights, L","02-2012",8739.59
"Women's Tights, M","02-2012",2429.68
"Women's Tights, S","02-2012",9582.15
AWC Logo Cap,"03-2012",798.72
Cable Lock,"03-2012",960.0
"Full-Finger Gloves, L","03-2012",4550.51
"Full-Finger Gloves, M","03-2012",3146.33
"Full-Finger Gloves, S","03-2012",797.79
HL Fork,"03-2012",3029.27
HL Headset,"03-2012",1122.57
"HL Mountain Frame - Silver, 38","03-2012",22328.18
"HL Mountain Frame - Silver, 42","03-2012",3721.36
"HL Mountain Frame - Silver, 46","03-2012",11164.09
HL Mountain Front Wheel,"03-2012",2882.06
HL Mountain Handlebars,"03-2012",1574.44
HL Mountain Rear Wheel,"03-2012",10798.09
"HL Road Frame - Black, 44","03-2012",4684.91
"HL Road Frame - Red, 44","03-2012",7808.18
"HL Road Frame - Red, 62","03-2012",12493.09
HL Road Front Wheel,"03-2012",8317.51
HL Road Handlebars,"03-2012",1312.04
"Half-Finger Gloves, L","03-2012",197.8
"Half-Finger Gloves, M","03-2012",974.89
"Half-Finger Gloves, S","03-2012",522.77
LL Fork,"03-2012",1067.18
LL Headset,"03-2012",61.56
LL Mountain Front Wheel,"03-2012",1093.41
LL Mountain Handlebars,"03-2012",461.6
LL Mountain Rear Wheel,"03-2012",1316.17
"LL Road Frame - Black, 44","03-2012",2207.26
"LL Road Frame - Black, 52","03-2012",8093.28
"LL Road Frame - Black, 58","03-2012",6621.78
"LL Road Frame - Red, 44","03-2012",9104.94
"LL Road Frame - Red, 48","03-2012",7688.62
"LL Road Frame - Red, 52","03-2012",1213.99
"LL Road Frame - Red, 60","03-2012",9104.94
"LL Road Frame - Red, 62","03-2012",4046.64
LL Road Rear Wheel,"03-2012",4525.11
"Long-Sleeve Logo Jersey, L","03-2012",4382.18
"Long-Sleeve Logo Jersey, M","03-2012",2739.84
"Long-Sleeve Logo Jersey, XL","03-2012",2393.75
ML Headset,"03-2012",3165.55
"ML Mountain Frame - Black, 38","03-2012",6696.19
"ML Mountain Frame - Black, 44","03-2012",10672.06
"ML Mountain Frame - Black, 48","03-2012",14912.14
ML Mountain Front Wheel,"03-2012",2508.3
ML Mountain Handlebars,"03-2012",1802.48
ML Mountain Rear Wheel,"03-2012",6231.06
"ML Road Frame-W - Yellow, 38","03-2012",13302.56
"ML Road Frame-W - Yellow, 40","03-2012",2595.62
"ML Road Frame-W - Yellow, 44","03-2012",15573.73
"ML Road Frame-W - Yellow, 48","03-2012",7786.86
ML Road Front Wheel,"03-2012",6110.27
"Men's Bib-Shorts, L","03-2012",2159.76
"Men's Bib-Shorts, M","03-2012",5854.07
"Men's Bib-Shorts, S","03-2012",2645.71
"Men's Sports Shorts, L","03-2012",1475.75
"Men's Sports Shorts, M","03-2012",3743.38
"Men's Sports Shorts, S","03-2012",1547.74
Minipump,"03-2012",779.61
"Mountain-200 Black, 38","03-2012",73767.53
"Mountain-200 Black, 42","03-2012",74996.99
"Mountain-200 Black, 46","03-2012",59466.47
"Mountain-200 Silver, 38","03-2012",64628.29
"Mountain-200 Silver, 42","03-2012",85756.77
"Mountain-200 Silver, 46","03-2012",75813.96
"Mountain-300 Black, 38","03-2012",31751.71
"Mountain-300 Black, 40","03-2012",36287.66
"Mountain-300 Black, 44","03-2012",37583.65
"Mountain-300 Black, 48","03-2012",36935.66
"Road-250 Black, 44","03-2012",79086.88
"Road-250 Black, 48","03-2012",60211.13
"Road-250 Black, 52","03-2012",34032.38
"Road-250 Black, 58","03-2012",15707.25
"Road-250 Red, 44","03-2012",76232.52
"Road-250 Red, 48","03-2012",58640.4
"Road-250 Red, 52","03-2012",35184.24
"Road-250 Red, 58","03-2012",18325.13
"Road-550-W Yellow, 38","03-2012",33014.44
"Road-550-W Yellow, 40","03-2012",21609.45
"Road-550-W Yellow, 42","03-2012",13806.04
"Road-550-W Yellow, 44","03-2012",12605.51
"Road-550-W Yellow, 48","03-2012",40817.85
"Sport-100 Helmet, Black","03-2012",2681.6
"Sport-100 Helmet, Blue","03-2012",2572.18
"Sport-100 Helmet, Red","03-2012",2167.38
"Women's Tights, L","03-2012",7677.33
"Women's Tights, M","03-2012",1484.8
"Women's Tights, S","03-2012",7045.04
AWC Logo Cap,"04-2012",1158.5
Cable Lock,"04-2012",1620.0
"Full-Finger Gloves, L","04-2012",7094.5
"Full-Finger Gloves, M","04-2012",4768.31
"Full-Finger Gloves, S","04-2012",843.38
HL Fork,"04-2012",7573.17
HL Headset,"04-2012",1870.95
"HL Mountain Frame - Silver, 38","04-2012",45400.63
"HL Mountain Frame - Silver, 42","04-2012",9675.55
"HL Mountain Frame - Silver, 46","04-2012",17862.54
HL Mountain Front Wheel,"04-2012",3422.45
HL Mountain Handlebars,"04-2012",1705.65
HL Mountain Rear Wheel,"04-2012",17080.62
"HL Road Frame - Black, 44","04-2012",17958.82
"HL Road Frame - Red, 44","04-2012",16397.18
"HL Road Frame - Red, 62","04-2012",16397.18
HL Road Front Wheel,"04-2012",15050.74
HL Road Handlebars,"04-2012",2361.66
"Half-Finger Gloves, L","04-2012",240.19
"Half-Finger Gloves, M","04-2012",1158.57
"Half-Finger Gloves, S","04-2012",607.54
LL Fork,"04-2012",1956.5
LL Headset,"04-2012",328.32
LL Mountain Front Wheel,"04-2012",2113.93
LL Mountain Handlebars,"04-2012",704.54
LL Mountain Rear Wheel,"04-2012",1790.0
"LL Road Frame - Black, 44","04-2012",1103.63
"LL Road Frame - Black, 52","04-2012",13611.43
"LL Road Frame - Black, 58","04-2012",9748.72
"LL Road Frame - Red, 44","04-2012",15174.9
"LL Road Frame - Red, 48","04-2012",10521.26
"LL Road Frame - Red, 52","04-2012",1011.66
"LL Road Frame - Red, 60","04-2012",13556.24
"LL Road Frame - Red, 62","04-2012",11330.59
LL Road Rear Wheel,"04-2012",7226.67
"Long-Sleeve Logo Jersey, L","04-2012",7065.9
"Long-Sleeve Logo Jersey, M","04-2012",3316.65
"Long-Sleeve Logo Jersey, XL","04-2012",3316.65
ML Headset,"04-2012",3559.69
"ML Mountain Frame - Black, 38","04-2012",14438.66
"ML Mountain Frame - Black, 44","04-2012",15275.69
"ML Mountain Frame - Black, 48","04-2012",17786.76
ML Mountain Front Wheel,"04-2012",2508.3
ML Mountain Handlebars,"04-2012",2533.09
ML Mountain Rear Wheel,"04-2012",11895.66
"ML Road Frame-W - Yellow, 38","04-2012",20116.07
"ML Road Frame-W - Yellow, 40","04-2012",4542.34
"ML Road Frame-W - Yellow, 44","04-2012",29200.74
"ML Road Frame-W - Yellow, 48","04-2012",21089.43
ML Road Front Wheel,"04-2012",9985.08
"Men's Bib-Shorts, L","04-2012",2483.72
"Men's Bib-Shorts, M","04-2012",6479.28
"Men's Bib-Shorts, S","04-2012",2375.74
"Men's Sports Shorts, L","04-2012",1943.68
"Men's Sports Shorts, M","04-2012",4463.26
"Men's Sports Shorts, S","04-2012",2267.62
Minipump,"04-2012",1367.32
"Mountain-200 Black, 38","04-2012",168435.87
"Mountain-200 Black, 42","04-2012",178271.54
"Mountain-200 Black, 46","04-2012",99586.17
"Mountain-200 Silver, 38","04-2012",113556.88
"Mountain-200 Silver, 42","04-2012",130499.44
"Mountain-200 Silver, 46","04-2012",111856.66
"Mountain-300 Black, 38","04-2012",42767.6
"Mountain-300 Black, 40","04-2012",49247.54
"Mountain-300 Black, 44","04-2012",42767.6
"Mountain-300 Black, 48","04-2012",42119.61
"Road-250 Black, 44","04-2012",98170.31
"Road-250 Black, 48","04-2012",94243.5
"Road-250 Black, 52","04-2012",82463.06
"Road-250 Black, 58","04-2012",65446.88
"Road-250 Red, 44","04-2012",136338.93
"Road-250 Red, 48","04-2012",96756.66
"Road-250 Red, 52","04-2012",111416.76
"Road-250 Red, 58","04-2012",62829.0
"Road-550-W Yellow, 38","04-2012",48621.26
"Road-550-W Yellow, 40","04-2012",47420.74
"Road-550-W Yellow, 42","04-2012",47420.74
"Road-550-W Yellow, 44","04-2012",27612.08
"Road-550-W Yellow, 48","04-2012",45619.95
"Sport-100 Helmet, Black","04-2012",3073.65
"Sport-100 Helmet, Blue","04-2012",3565.55
"Sport-100 Helmet, Red","04-2012",2955.72
"Women's Tights, L","04-2012",10144.89
"Women's Tights, M","04-2012",2204.71
"Women's Tights, S","04-2012",10445.66
AWC Logo Cap,"05-2012",1103.85
Cable Lock,"05-2012",1200.0
"Full-Finger Gloves, L","05-2012",5589.02
"Full-Finger Gloves, M","05-2012",4479.85
"Full-Finger Gloves, S","05-2012",775.0
HL Fork,"05-2012",7160.09
HL Headset,"05-2012",2394.82
"HL Mountain Frame - Silver, 38","05-2012",31259.45
"HL Mountain Frame - Silver, 42","05-2012",14141.18
"HL Mountain Frame - Silver, 46","05-2012",24561.0
HL Mountain Front Wheel,"05-2012",1981.42
HL Mountain Handlebars,"05-2012",1246.43
HL Mountain Rear Wheel,"05-2012",13154.04
"HL Road Frame - Black, 44","05-2012",14835.55
"HL Road Frame - Red, 44","05-2012",13273.91
"HL Road Frame - Red, 62","05-2012",8589.0
HL Road Front Wheel,"05-2012",7525.37
HL Road Handlebars,"05-2012",2361.66
"Half-Finger Gloves, L","05-2012",183.68
"Half-Finger Gloves, M","05-2012",960.77
"Half-Finger Gloves, S","05-2012",734.7
LL Fork,"05-2012",2756.89
LL Headset,"05-2012",164.16
LL Mountain Front Wheel,"05-2012",1931.69
LL Mountain Handlebars,"05-2012",583.07
LL Mountain Rear Wheel,"05-2012",947.65
"LL Road Frame - Black, 44","05-2012",1839.38
"LL Road Frame - Black, 52","05-2012",8277.22
"LL Road Frame - Black, 58","05-2012",5702.08
"LL Road Frame - Red, 44","05-2012",8700.28
"LL Road Frame - Red, 48","05-2012",8093.28
"LL Road Frame - Red, 52","05-2012",1213.99
"LL Road Frame - Red, 60","05-2012",10318.93
"LL Road Frame - Red, 62","05-2012",12544.58
LL Road Rear Wheel,"05-2012",3782.18
"Long-Sleeve Logo Jersey, L","05-2012",5973.37
"Long-Sleeve Logo Jersey, M","05-2012",3353.06
"Long-Sleeve Logo Jersey, XL","05-2012",2867.33
ML Headset,"05-2012",3682.44
"ML Mountain Frame - Black, 38","05-2012",8370.24
"ML Mountain Frame - Black, 44","05-2012",9835.03
"ML Mountain Frame - Black, 48","05-2012",16740.48
ML Mountain Front Wheel,"05-2012",2759.13
ML Mountain Handlebars,"05-2012",1654.95
ML Mountain Rear Wheel,"05-2012",11470.82
"ML Road Frame-W - Yellow, 38","05-2012",12653.66
"ML Road Frame-W - Yellow, 40","05-2012",4542.34
"ML Road Frame-W - Yellow, 44","05-2012",17844.9
"ML Road Frame-W - Yellow, 48","05-2012",15573.73
ML Road Front Wheel,"05-2012",5514.15
"Men's Bib-Shorts, L","05-2012",3185.65
"Men's Bib-Shorts, M","05-2012",7090.24
"Men's Bib-Shorts, S","05-2012",3023.66
"Men's Sports Shorts, L","05-2012",1763.71
"Men's Sports Shorts, M","05-2012",4404.01
"Men's Sports Shorts, S","05-2012",1524.99
Minipump,"05-2012",1079.46
"Mountain-200 Black, 38","05-2012",125404.81
"Mountain-200 Black, 42","05-2012",111880.76
"Mountain-200 Black, 46","05-2012",70079.16
"Mountain-200 Silver, 38","05-2012",88242.48
"Mountain-200 Silver, 42","05-2012",117219.98
"Mountain-200 Silver, 46","05-2012",129713.96
"Mountain-300 Black, 38","05-2012",39527.63
"Mountain-300 Black, 40","05-2012",44711.59
"Mountain-300 Black, 44","05-2012",39527.63
"Mountain-300 Black, 48","05-2012",36287.66
"Road-250 Black, 44","05-2012",69924.31
"Road-250 Black, 48","05-2012",47121.75
"Road-250 Black, 52","05-2012",58902.19
"Road-250 Black, 58","05-2012",31414.5
"Road-250 Red, 44","05-2012",65970.45
"Road-250 Red, 48","05-2012",70368.48
"Road-250 Red, 52","05-2012",49844.34
"Road-250 Red, 58","05-2012",31414.5
"Road-550-W Yellow, 38","05-2012",37216.28
"Road-550-W Yellow, 40","05-2012",24610.76
"Road-550-W Yellow, 42","05-2012",19208.4
"Road-550-W Yellow, 44","05-2012",11404.99
"Road-550-W Yellow, 48","05-2012",33614.7
"Sport-100 Helmet, Black","05-2012",2685.84
"Sport-100 Helmet, Blue","05-2012",2819.92
"Sport-100 Helmet, Red","05-2012",2268.32
"Women's Tights, L","05-2012",7525.82
"Women's Tights, M","05-2012",2249.7
"Women's Tights, S","05-2012",7797.52
AWC Logo Cap,"06-2012",440.85
Cable Lock,"06-2012",720.0
"Full-Finger Gloves, L","06-2012",3737.36
"Full-Finger Gloves, M","06-2012",1937.46
"Full-Finger Gloves, S","06-2012",182.35
HL Fork,"06-2012",2065.41
HL Headset,"06-2012",224.51
"HL Mountain Frame - Silver, 38","06-2012",8187.0
"HL Mountain Frame - Silver, 46","06-2012",5209.91
HL Mountain Rear Wheel,"06-2012",8049.49
HL Road Front Wheel,"06-2012",1188.22
"Half-Finger Gloves, M","06-2012",649.93
"Half-Finger Gloves, S","06-2012",310.84
LL Mountain Front Wheel,"06-2012",510.26
LL Mountain Handlebars,"06-2012",291.53
"LL Road Frame - Black, 52","06-2012",3862.7
"LL Road Frame - Black, 58","06-2012",2023.32
"LL Road Frame - Red, 44","06-2012",5462.96
"LL Road Frame - Red, 48","06-2012",2832.65
"LL Road Frame - Red, 60","06-2012",6676.96
"LL Road Frame - Red, 62","06-2012",3844.31
LL Road Rear Wheel,"06-2012",2026.17
"Long-Sleeve Logo Jersey, L","06-2012",2624.48
"Long-Sleeve Logo Jersey, M","06-2012",1067.09
"Long-Sleeve Logo Jersey, XL","06-2012",1095.94
ML Headset,"06-2012",1560.17
"ML Mountain Frame - Black, 38","06-2012",4812.89
"ML Mountain Frame - Black, 44","06-2012",3557.35
"ML Mountain Frame - Black, 48","06-2012",7533.22
ML Mountain Handlebars,"06-2012",1317.21
ML Mountain Rear Wheel,"06-2012",5381.37
"ML Road Frame-W - Yellow, 38","06-2012",2271.17
"ML Road Frame-W - Yellow, 44","06-2012",11355.84
"ML Road Frame-W - Yellow, 48","06-2012",6164.6
"Men's Bib-Shorts, L","06-2012",1025.89
"Men's Bib-Shorts, M","06-2012",3401.62
"Men's Bib-Shorts, S","06-2012",2105.77
"Men's Sports Shorts, L","06-2012",395.93
"Men's Sports Shorts, M","06-2012",2051.66
"Men's Sports Shorts, S","06-2012",1115.81
Minipump,"06-2012",635.68
"Mountain-200 Black, 38","06-2012",73767.53
"Mountain-200 Black, 42","06-2012",70079.16
"Mountain-200 Black, 46","06-2012",51637.27
"Mountain-200 Silver, 38","06-2012",69599.7
"Mountain-200 Silver, 42","06-2012",62665.42
"Mountain-200 Silver, 46","06-2012",58414.03
"Mountain-300 Black, 38","06-2012",29159.73
"Mountain-300 Black, 40","06-2012",28511.74
"Mountain-300 Black, 44","06-2012",27215.75
"Mountain-300 Black, 48","06-2012",28511.74
"Road-250 Black, 44","06-2012",51048.56
"Road-250 Black, 48","06-2012",39268.13
"Road-250 Black, 52","06-2012",24869.81
"Road-250 Black, 58","06-2012",18325.13
"Road-250 Red, 44","06-2012",52776.36
"Road-250 Red, 48","06-2012",48378.33
"Road-250 Red, 52","06-2012",17592.12
"Road-250 Red, 58","06-2012",10471.5
"Road-550-W Yellow, 38","06-2012",24610.76
"Road-550-W Yellow, 40","06-2012",26411.55
"Road-550-W Yellow, 42","06-2012",8403.67
"Road-550-W Yellow, 44","06-2012",10204.46
"Road-550-W Yellow, 48","06-2012",22209.71
"Sport-100 Helmet, Black","06-2012",1009.32
"Sport-100 Helmet, Blue","06-2012",1352.5
"Sport-100 Helmet, Red","06-2012",1009.32
"Women's Tights, L","06-2012",4139.45
"Women's Tights, S","06-2012",3689.51
AWC Logo Cap,"07-2012",700.18
Cable Lock,"07-2012",735.0
"Full-Finger Gloves, L","07-2012",5621.98
"Full-Finger Gloves, M","07-2012",3561.09
"Full-Finger Gloves, S","07-2012",592.64
HL Fork,"07-2012",3717.74
HL Headset,"07-2012",1646.44
"HL Mountain Frame - Silver, 38","07-2012",21583.91
"HL Mountain Frame - Silver, 46","07-2012",14885.45
HL Mountain Rear Wheel,"07-2012",10012.78
HL Road Front Wheel,"07-2012",1188.22
"Half-Finger Gloves, M","07-2012",805.35
"Half-Finger Gloves, S","07-2012",649.93
LL Mountain Front Wheel,"07-2012",984.07
LL Mountain Handlebars,"07-2012",680.25
"LL Road Frame - Black, 52","07-2012",5334.21
"LL Road Frame - Black, 58","07-2012",2943.01
"LL Road Frame - Red, 44","07-2012",4653.64
"LL Road Frame - Red, 48","07-2012",4653.64
"LL Road Frame - Red, 60","07-2012",3439.64
"LL Road Frame - Red, 62","07-2012",3034.98
LL Road Rear Wheel,"07-2012",4525.11
"Long-Sleeve Logo Jersey, L","07-2012",4124.18
"Long-Sleeve Logo Jersey, M","07-2012",1816.95
"Long-Sleeve Logo Jersey, XL","07-2012",1557.38
ML Headset,"07-2012",2393.59
"ML Mountain Frame - Black, 38","07-2012",10253.54
"ML Mountain Frame - Black, 44","07-2012",6277.68
"ML Mountain Frame - Black, 48","07-2012",11927.59
ML Mountain Handlebars,"07-2012",1587.4
ML Mountain Rear Wheel,"07-2012",6231.06
"ML Road Frame-W - Yellow, 38","07-2012",7462.41
"ML Road Frame-W - Yellow, 44","07-2012",5840.15
"ML Road Frame-W - Yellow, 48","07-2012",4542.34
"Men's Bib-Shorts, L","07-2012",1619.82
"Men's Bib-Shorts, M","07-2012",4319.52
"Men's Bib-Shorts, S","07-2012",2537.72
"Men's Sports Shorts, L","07-2012",287.95
"Men's Sports Shorts, M","07-2012",1799.7
"Men's Sports Shorts, S","07-2012",1835.69
Minipump,"07-2012",467.77
"Mountain-200 Black, 38","07-2012",147535.07
"Mountain-200 Black, 42","07-2012",125922.0
"Mountain-200 Black, 46","07-2012",88521.04
"Mountain-200 Silver, 38","07-2012",91971.03
"Mountain-200 Silver, 42","07-2012",94456.74
"Mountain-200 Silver, 46","07-2012",91971.03
"Mountain-300 Black, 38","07-2012",37208.25
"Mountain-300 Black, 40","07-2012",43619.93
"Mountain-300 Black, 44","07-2012",45359.58
"Mountain-300 Black, 48","07-2012",42323.94
"Road-250 Black, 44","07-2012",102097.13
"Road-250 Black, 48","07-2012",86389.88
"Road-250 Black, 52","07-2012",60211.13
"Road-250 Black, 58","07-2012",58902.19
"Road-250 Red, 44","07-2012",104086.71
"Road-250 Red, 48","07-2012",108484.74
"Road-250 Red, 52","07-2012",70368.48
"Road-250 Red, 58","07-2012",65446.88
"Road-550-W Yellow, 38","07-2012",40817.85
"Road-550-W Yellow, 40","07-2012",41418.11
"Road-550-W Yellow, 42","07-2012",30013.13
"Road-550-W Yellow, 44","07-2012",28812.6
"Road-550-W Yellow, 48","07-2012",42018.38
"Sport-100 Helmet, Black","07-2012",1372.68
"Sport-100 Helmet, Blue","07-2012",1897.53
"Sport-100 Helmet, Red","07-2012",1090.07
"Women's Tights, L","07-2012",4904.35
"Women's Tights, S","07-2012",4949.34
AWC Logo Cap,"08-2012",639.85
Cable Lock,"08-2012",750.0
"Full-Finger Gloves, L","08-2012",3499.36
"Full-Finger Gloves, M","08-2012",2302.19
"Full-Finger Gloves, S","08-2012",569.85
HL Fork,"08-2012",4130.82
HL Headset,"08-2012",1122.57
"HL Mountain Frame - Silver, 38","08-2012",20839.64
"HL Mountain Frame - Silver, 46","08-2012",14885.45
HL Mountain Rear Wheel,"08-2012",9620.12
HL Road Front Wheel,"08-2012",1386.25
"Half-Finger Gloves, M","08-2012",649.93
"Half-Finger Gloves, S","08-2012",310.84
LL Mountain Front Wheel,"08-2012",1093.41
LL Mountain Handlebars,"08-2012",777.42
"LL Road Frame - Black, 52","08-2012",3862.7
"LL Road Frame - Black, 58","08-2012",2391.2
"LL Road Frame - Red, 44","08-2012",4451.3
"LL Road Frame - Red, 48","08-2012",2023.32
"LL Road Frame - Red, 60","08-2012",4451.3
"LL Road Frame - Red, 62","08-2012",2832.65
LL Road Rear Wheel,"08-2012",2634.02
"Long-Sleeve Logo Jersey, L","08-2012",3079.83
"Long-Sleeve Logo Jersey, M","08-2012",1384.34
"Long-Sleeve Logo Jersey, XL","08-2012",1442.02
ML Headset,"08-2012",3989.31
"ML Mountain Frame - Black, 38","08-2012",3975.86
"ML Mountain Frame - Black, 44","08-2012",5231.4
"ML Mountain Frame - Black, 48","08-2012",10044.29
ML Mountain Handlebars,"08-2012",1621.18
ML Mountain Rear Wheel,"08-2012",8355.28
"ML Road Frame-W - Yellow, 38","08-2012",8760.22
"ML Road Frame-W - Yellow, 44","08-2012",11031.39
"ML Road Frame-W - Yellow, 48","08-2012",6489.05
"Men's Bib-Shorts, L","08-2012",755.92
"Men's Bib-Shorts, M","08-2012",3293.63
"Men's Bib-Shorts, S","08-2012",2483.72
"Men's Sports Shorts, L","08-2012",395.93
"Men's Sports Shorts, M","08-2012",2159.64
"Men's Sports Shorts, S","08-2012",1187.8
Minipump,"08-2012",659.67
"Mountain-200 Black, 38","08-2012",87291.58
"Mountain-200 Black, 42","08-2012",76226.45
"Mountain-200 Black, 46","08-2012",60243.49
"Mountain-200 Silver, 38","08-2012",79542.52
"Mountain-200 Silver, 42","08-2012",64628.29
"Mountain-200 Silver, 46","08-2012",73328.26
"Mountain-300 Black, 38","08-2012",34991.68
"Mountain-300 Black, 40","08-2012",35639.67
"Mountain-300 Black, 44","08-2012",34991.68
"Mountain-300 Black, 48","08-2012",34991.68
"Road-250 Black, 44","08-2012",47121.75
"Road-250 Black, 48","08-2012",52357.5
"Road-250 Black, 52","08-2012",27487.69
"Road-250 Black, 58","08-2012",35341.31
"Road-250 Red, 44","08-2012",67436.46
"Road-250 Red, 48","08-2012",46912.32
"Road-250 Red, 52","08-2012",38116.26
"Road-250 Red, 58","08-2012",35341.31
"Road-550-W Yellow, 38","08-2012",26411.55
"Road-550-W Yellow, 40","08-2012",22209.71
"Road-550-W Yellow, 42","08-2012",13205.78
"Road-550-W Yellow, 44","08-2012",12605.51
"Road-550-W Yellow, 48","08-2012",27612.08
"Sport-100 Helmet, Black","08-2012",1622.35
"Sport-100 Helmet, Blue","08-2012",1392.87
"Sport-100 Helmet, Red","08-2012",908.39
"Women's Tights, L","08-2012",5053.52
"Women's Tights, S","08-2012",4805.55
AWC Logo Cap,"09-2012",754.22
Cable Lock,"09-2012",1050.0
"Full-Finger Gloves, L","09-2012",4834.2
"Full-Finger Gloves, M","09-2012",3199.55
"Full-Finger Gloves, S","09-2012",683.82
HL Fork,"09-2012",1652.33
HL Headset,"09-2012",1122.57
"HL Mountain Frame - Silver, 38","09-2012",30515.18
"HL Mountain Frame - Silver, 42","09-2012",3721.36
"HL Mountain Frame - Silver, 46","09-2012",7442.73
HL Mountain Front Wheel,"09-2012",3062.19
HL Mountain Handlebars,"09-2012",1640.05
HL Mountain Rear Wheel,"09-2012",9620.12
"HL Road Frame - Black, 44","09-2012",13273.91
"HL Road Frame - Red, 44","09-2012",15616.36
"HL Road Frame - Red, 62","09-2012",7808.18
HL Road Front Wheel,"09-2012",8317.51
HL Road Handlebars,"09-2012",918.43
"Half-Finger Gloves, L","09-2012",508.64
"Half-Finger Gloves, M","09-2012",1243.34
"Half-Finger Gloves, S","09-2012",635.8
LL Fork,"09-2012",533.59
LL Mountain Front Wheel,"09-2012",1384.99
LL Mountain Handlebars,"09-2012",218.65
LL Mountain Rear Wheel,"09-2012",1263.53
"LL Road Frame - Black, 44","09-2012",2207.26
"LL Road Frame - Black, 52","09-2012",9380.85
"LL Road Frame - Black, 58","09-2012",5702.08
"LL Road Frame - Red, 44","09-2012",8093.28
"LL Road Frame - Red, 48","09-2012",6272.29
"LL Road Frame - Red, 52","09-2012",202.33
"LL Road Frame - Red, 60","09-2012",8093.28
"LL Road Frame - Red, 62","09-2012",6474.62
LL Road Rear Wheel,"09-2012",5065.43
"Long-Sleeve Logo Jersey, L","09-2012",5094.81
"Long-Sleeve Logo Jersey, M","09-2012",2336.07
"Long-Sleeve Logo Jersey, XL","09-2012",1845.79
ML Headset,"09-2012",1718.47
"ML Mountain Frame - Black, 38","09-2012",9416.52
"ML Mountain Frame - Black, 44","09-2012",9207.26
"ML Mountain Frame - Black, 48","09-2012",12213.85
ML Mountain Front Wheel,"09-2012",3637.03
ML Mountain Handlebars,"09-2012",1756.27
ML Mountain Rear Wheel,"09-2012",6655.91
"ML Road Frame-W - Yellow, 38","09-2012",12978.11
"ML Road Frame-W - Yellow, 40","09-2012",1946.72
"ML Road Frame-W - Yellow, 44","09-2012",17844.9
"ML Road Frame-W - Yellow, 48","09-2012",12329.2
ML Road Front Wheel,"09-2012",6110.27
"Men's Bib-Shorts, L","09-2012",2213.75
"Men's Bib-Shorts, M","09-2012",6016.05
"Men's Bib-Shorts, S","09-2012",3131.65
"Men's Sports Shorts, L","09-2012",1403.77
"Men's Sports Shorts, M","09-2012",3394.79
"Men's Sports Shorts, S","09-2012",1454.9
Minipump,"09-2012",971.51
"Mountain-200 Black, 38","09-2012",105733.47
"Mountain-200 Black, 42","09-2012",82373.75
"Mountain-200 Black, 46","09-2012",70079.16
"Mountain-200 Silver, 38","09-2012",90728.18
"Mountain-200 Silver, 42","09-2012",78299.66
"Mountain-200 Silver, 46","09-2012",74571.11
"Mountain-300 Black, 38","09-2012",33047.69
"Mountain-300 Black, 40","09-2012",42392.2
"Mountain-300 Black, 44","09-2012",36935.66
"Mountain-300 Black, 48","09-2012",37583.65
"Road-250 Black, 44","09-2012",64137.94
"Road-250 Black, 48","09-2012",37959.19
"Road-250 Black, 52","09-2012",35341.31
"Road-250 Black, 58","09-2012",23560.88
"Road-250 Red, 44","09-2012",70368.48
"Road-250 Red, 48","09-2012",55708.38
"Road-250 Red, 52","09-2012",60106.41
"Road-250 Red, 58","09-2012",22251.94
"Road-550-W Yellow, 38","09-2012",36015.75
"Road-550-W Yellow, 40","09-2012",19808.66
"Road-550-W Yellow, 42","09-2012",16207.09
"Road-550-W Yellow, 44","09-2012",13806.04
"Road-550-W Yellow, 48","09-2012",31813.91
"Sport-100 Helmet, Black","09-2012",2700.84
"Sport-100 Helmet, Blue","09-2012",2726.36
"Sport-100 Helmet, Red","09-2012",2186.71
"Women's Tights, L","09-2012",6829.58
"Women's Tights, M","09-2012",1529.8
"Women's Tights, S","09-2012",5688.17
AWC Logo Cap,"10-2012",1244.13
Cable Lock,"10-2012",1515.0
"Full-Finger Gloves, L","10-2012",7090.17
"Full-Finger Gloves, M","10-2012",5013.64
"Full-Finger Gloves, S","10-2012",1504.4
HL Fork,"10-2012",5232.37
HL Headset,"10-2012",2095.46
"HL Mountain Frame - Silver, 38","10-2012",34980.82
"HL Mountain Frame - Silver, 42","10-2012",7442.73
"HL Mountain Frame - Silver, 46","10-2012",23072.45
HL Mountain Front Wheel,"10-2012",2701.93
HL Mountain Handlebars,"10-2012",1443.24
HL Mountain Rear Wheel,"10-2012",16295.31
"HL Road Frame - Black, 44","10-2012",11712.27
"HL Road Frame - Red, 44","10-2012",18739.64
"HL Road Frame - Red, 62","10-2012",14054.73
HL Road Front Wheel,"10-2012",13070.38
HL Road Handlebars,"10-2012",1640.05
"Half-Finger Gloves, L","10-2012",649.93
"Half-Finger Gloves, M","10-2012",1836.76
"Half-Finger Gloves, S","10-2012",734.7
LL Fork,"10-2012",2401.16
LL Mountain Front Wheel,"10-2012",1858.8
LL Mountain Handlebars,"10-2012",704.54
LL Mountain Rear Wheel,"10-2012",1263.53
"LL Road Frame - Black, 44","10-2012",919.69
"LL Road Frame - Black, 52","10-2012",13243.55
"LL Road Frame - Black, 58","10-2012",7357.53
"LL Road Frame - Red, 44","10-2012",15174.9
"LL Road Frame - Red, 48","10-2012",8295.61
"LL Road Frame - Red, 52","10-2012",809.33
"LL Road Frame - Red, 60","10-2012",13151.58
"LL Road Frame - Red, 62","10-2012",11735.26
LL Road Rear Wheel,"10-2012",6956.52
"Long-Sleeve Logo Jersey, L","10-2012",6452.63
"Long-Sleeve Logo Jersey, M","10-2012",3498.78
"Long-Sleeve Logo Jersey, XL","10-2012",2578.93
ML Headset,"10-2012",3152.66
"ML Mountain Frame - Black, 38","10-2012",11718.34
"ML Mountain Frame - Black, 44","10-2012",13183.13
"ML Mountain Frame - Black, 48","10-2012",20925.6
ML Mountain Front Wheel,"10-2012",2759.13
ML Mountain Handlebars,"10-2012",2094.02
ML Mountain Rear Wheel,"10-2012",9488.2
"ML Road Frame-W - Yellow, 38","10-2012",17195.99
"ML Road Frame-W - Yellow, 40","10-2012",3244.53
"ML Road Frame-W - Yellow, 44","10-2012",31471.91
"ML Road Frame-W - Yellow, 48","10-2012",20116.07
ML Road Front Wheel,"10-2012",9537.98
"Men's Bib-Shorts, L","10-2012",2753.69
"Men's Bib-Shorts, M","10-2012",9525.66
"Men's Bib-Shorts, S","10-2012",4859.46
"Men's Sports Shorts, L","10-2012",1655.72
"Men's Sports Shorts, M","10-2012",4391.27
"Men's Sports Shorts, S","10-2012",2303.62
Minipump,"10-2012",1499.25
"Mountain-200 Black, 38","10-2012",149993.99
"Mountain-200 Black, 42","10-2012",134011.02
"Mountain-200 Black, 46","10-2012",73767.53
"Mountain-200 Silver, 38","10-2012",113099.51
"Mountain-200 Silver, 42","10-2012",86999.63
"Mountain-200 Silver, 46","10-2012",92428.4
"Mountain-300 Black, 38","10-2012",42767.6
"Mountain-300 Black, 40","10-2012",38879.64
"Mountain-300 Black, 44","10-2012",46655.57
"Mountain-300 Black, 48","10-2012",49247.54
"Road-250 Black, 44","10-2012",111259.69
"Road-250 Black, 48","10-2012",98170.31
"Road-250 Black, 52","10-2012",99479.25
"Road-250 Black, 58","10-2012",61520.06
"Road-250 Red, 44","10-2012",130474.89
"Road-250 Red, 48","10-2012",105552.72
"Road-250 Red, 52","10-2012",87960.6
"Road-250 Red, 58","10-2012",60211.13
"Road-550-W Yellow, 38","10-2012",51022.31
"Road-550-W Yellow, 40","10-2012",48621.26
"Road-550-W Yellow, 42","10-2012",37816.54
"Road-550-W Yellow, 44","10-2012",24610.76
"Road-550-W Yellow, 48","10-2012",51622.57
"Sport-100 Helmet, Black","10-2012",3190.5
"Sport-100 Helmet, Blue","10-2012",3248.94
"Sport-100 Helmet, Red","10-2012",2934.47
"Women's Tights, L","10-2012",9403.75
"Women's Tights, M","10-2012",1934.74
"Women's Tights, S","10-2012",8129.29
AWC Logo Cap,"11-2012",926.12
Cable Lock,"11-2012",1370.52
"Full-Finger Gloves, L","11-2012",5189.02
"Full-Finger Gloves, M","11-2012",4266.27
"Full-Finger Gloves, S","11-2012",706.61
HL Fork,"11-2012",6747.01
HL Headset,"11-2012",2095.46
"HL Mountain Frame - Silver, 38","11-2012",38702.18
"HL Mountain Frame - Silver, 42","11-2012",2232.82
"HL Mountain Frame - Silver, 46","11-2012",23072.45
HL Mountain Front Wheel,"11-2012",1621.16
HL Mountain Handlebars,"11-2012",1443.24
HL Mountain Rear Wheel,"11-2012",14344.29
"HL Road Frame - Black, 44","11-2012",15616.36
"HL Road Frame - Red, 44","11-2012",6246.55
"HL Road Frame - Red, 62","11-2012",18739.64
HL Road Front Wheel,"11-2012",9703.76
HL Road Handlebars,"11-2012",2361.66
"Half-Finger Gloves, L","11-2012",508.64
"Half-Finger Gloves, M","11-2012",1758.75
"Half-Finger Gloves, S","11-2012",725.77
LL Fork,"11-2012",1778.64
LL Mountain Front Wheel,"11-2012",1895.24
LL Mountain Handlebars,"11-2012",826.01
LL Mountain Rear Wheel,"11-2012",1105.59
"LL Road Frame - Black, 44","11-2012",2391.2
"LL Road Frame - Black, 52","11-2012",7173.59
"LL Road Frame - Black, 58","11-2012",7725.4
"LL Road Frame - Red, 44","11-2012",9509.6
"LL Road Frame - Red, 48","11-2012",10925.93
"LL Road Frame - Red, 52","11-2012",809.33
"LL Road Frame - Red, 60","11-2012",11330.59
"LL Road Frame - Red, 62","11-2012",10201.71
LL Road Rear Wheel,"11-2012",3849.72
"Long-Sleeve Logo Jersey, L","11-2012",4798.12
"Long-Sleeve Logo Jersey, M","11-2012",2723.13
"Long-Sleeve Logo Jersey, XL","11-2012",1932.31
ML Headset,"11-2012",3889.15
"ML Mountain Frame - Black, 38","11-2012",8370.24
"ML Mountain Frame - Black, 44","11-2012",11927.59
"ML Mountain Frame - Black, 48","11-2012",16740.48
ML Mountain Front Wheel,"11-2012",2257.47
ML Mountain Handlebars,"11-2012",2140.22
ML Mountain Rear Wheel,"11-2012",13080.69
"ML Road Frame-W - Yellow, 38","11-2012",13302.56
"ML Road Frame-W - Yellow, 40","11-2012",2920.07
"ML Road Frame-W - Yellow, 44","11-2012",12329.2
"ML Road Frame-W - Yellow, 48","11-2012",12978.11
ML Road Front Wheel,"11-2012",6855.43
"Men's Bib-Shorts, L","11-2012",2969.67
"Men's Bib-Shorts, M","11-2012",6788.02
"Men's Bib-Shorts, S","11-2012",5075.44
"Men's Sports Shorts, L","11-2012",1331.78
"Men's Sports Shorts, M","11-2012",4067.32
"Men's Sports Shorts, S","11-2012",1403.77
Minipump,"11-2012",911.54
"Mountain-200 Black, 38","11-2012",116798.6
"Mountain-200 Black, 42","11-2012",97127.25
"Mountain-200 Black, 46","11-2012",77455.91
"Mountain-200 Silver, 38","11-2012",99428.14
"Mountain-200 Silver, 42","11-2012",65871.15
"Mountain-200 Silver, 46","11-2012",63385.44
"Mountain-300 Black, 38","11-2012",34991.68
"Mountain-300 Black, 40","11-2012",34343.68
"Mountain-300 Black, 44","11-2012",31103.71
"Mountain-300 Black, 48","11-2012",27215.75
"Road-250 Black, 44","11-2012",61520.06
"Road-250 Black, 48","11-2012",64137.94
"Road-250 Black, 52","11-2012",39268.13
"Road-250 Black, 58","11-2012",27487.69
"Road-250 Red, 44","11-2012",64504.44
"Road-250 Red, 48","11-2012",63038.43
"Road-250 Red, 52","11-2012",46912.32
"Road-250 Red, 58","11-2012",30105.56
"Road-550-W Yellow, 38","11-2012",28812.6
"Road-550-W Yellow, 40","11-2012",24610.76
"Road-550-W Yellow, 42","11-2012",26411.55
"Road-550-W Yellow, 44","11-2012",13205.78
"Road-550-W Yellow, 48","11-2012",33235.33
"Sport-100 Helmet, Black","11-2012",2521.97
"Sport-100 Helmet, Blue","11-2012",2948.26
"Sport-100 Helmet, Red","11-2012",2878.45
"Women's Tights, L","11-2012",8965.86
"Women's Tights, M","11-2012",1754.77
"Women's Tights, S","11-2012",7159.42
AWC Logo Cap,"12-2012",1277.79
Bike Wash - Dissolver,"12-2012",1016.99
Chain,"12-2012",485.76
"Classic Vest, M","12-2012",7988.41
"Classic Vest, S","12-2012",11277.82
Front Brakes,"12-2012",4089.6
Front Derailleur,"12-2012",2964.28
HL Bottom Bracket,"12-2012",2478.4
HL Crankset,"12-2012",10755.56
"HL Mountain Frame - Black, 38","12-2012",11336.64
"HL Mountain Frame - Black, 42","12-2012",36439.2
"HL Mountain Frame - Silver, 42","12-2012",18830.1
HL Mountain Handlebars,"12-2012",2164.86
HL Mountain Pedal,"12-2012",2493.62
HL Mountain Seat/Saddle,"12-2012",1042.27
"HL Road Frame - Black, 44","12-2012",29202.6
"HL Road Frame - Black, 48","12-2012",17178.0
"HL Road Frame - Red, 44","12-2012",27484.8
"HL Road Frame - Red, 48","12-2012",13742.4
"HL Road Frame - Red, 62","12-2012",23190.3
HL Road Handlebars,"12-2012",3030.8
HL Road Pedal,"12-2012",2818.45
HL Road Seat/Saddle,"12-2012",789.6
"HL Touring Frame - Blue, 46","12-2012",7228.15
"HL Touring Frame - Blue, 50","12-2012",10842.23
"HL Touring Frame - Blue, 54","12-2012",32544.25
"HL Touring Frame - Blue, 60","12-2012",25900.88
"HL Touring Frame - Yellow, 50","12-2012",9637.54
"HL Touring Frame - Yellow, 54","12-2012",14456.3
"HL Touring Frame - Yellow, 60","12-2012",17468.03
HL Touring Handlebars,"12-2012",1428.49
HL Touring Seat/Saddle,"12-2012",915.94
"Half-Finger Gloves, L","12-2012",969.8
"Half-Finger Gloves, M","12-2012",2690.11
"Half-Finger Gloves, S","12-2012",2052.64
Hitch Rack - 4-Bike,"12-2012",14905.27
Hydration Pack - 70 oz.,"12-2012",5367.4
LL Bottom Bracket,"12-2012",907.03
LL Crankset,"12-2012",2842.94
"LL Mountain Frame - Black, 40","12-2012",149.87
"LL Mountain Frame - Black, 42","12-2012",5695.21
"LL Mountain Frame - Black, 44","12-2012",9442.06
"LL Mountain Frame - Black, 48","12-2012",4945.84
"LL Mountain Frame - Black, 52","12-2012",299.75
"LL Mountain Frame - Silver, 40","12-2012",5228.19
"LL Mountain Frame - Silver, 42","12-2012",8655.14
"LL Mountain Frame - Silver, 44","12-2012",4594.47
"LL Mountain Frame - Silver, 48","12-2012",1109.01
"LL Mountain Frame - Silver, 52","12-2012",6970.92
LL Mountain Handlebars,"12-2012",1175.86
LL Mountain Pedal,"12-2012",971.76
LL Mountain Seat/Saddle,"12-2012",699.7
"LL Road Frame - Black, 44","12-2012",4855.97
"LL Road Frame - Black, 52","12-2012",14450.69
"LL Road Frame - Black, 58","12-2012",9104.94
"LL Road Frame - Black, 60","12-2012",3439.64
LL Road Handlebars,"12-2012",614.65
LL Road Pedal,"12-2012",2210.75
LL Road Seat/Saddle,"12-2012",16.27
"LL Touring Frame - Blue, 50","12-2012",4801.25
"LL Touring Frame - Blue, 54","12-2012",3800.99
"LL Touring Frame - Blue, 62","12-2012",200.05
"LL Touring Frame - Yellow, 44","12-2012",5001.3
"LL Touring Frame - Yellow, 50","12-2012",3000.78
"LL Touring Frame - Yellow, 58","12-2012",1000.26
"LL Touring Frame - Yellow, 62","12-2012",7111.02
LL Touring Handlebars,"12-2012",248.89
LL Touring Seat/Saddle,"12-2012",276.62
"Long-Sleeve Logo Jersey, L","12-2012",7260.93
"Long-Sleeve Logo Jersey, M","12-2012",4762.96
"Long-Sleeve Logo Jersey, XL","12-2012",4121.8
ML Crankset,"12-2012",2462.3
"ML Mountain Frame-W - Silver, 38","12-2012",218.45
"ML Mountain Frame-W - Silver, 40","12-2012",20534.68
"ML Mountain Frame-W - Silver, 46","12-2012",6772.07
ML Mountain Handlebars,"12-2012",1523.23
ML Mountain Pedal,"12-2012",1229.38
ML Mountain Seat/Saddle,"12-2012",1229.81
"ML Road Frame-W - Yellow, 38","12-2012",15346.61
"ML Road Frame-W - Yellow, 40","12-2012",8208.65
"ML Road Frame-W - Yellow, 44","12-2012",28217.25
"ML Road Frame-W - Yellow, 48","12-2012",15703.51
ML Road Pedal,"12-2012",2086.22
ML Touring Seat/Saddle,"12-2012",328.78
"Mountain-200 Black, 38","12-2012",85373.63
"Mountain-200 Black, 42","12-2012",83996.63
"Mountain-200 Black, 46","12-2012",52325.77
"Mountain-200 Silver, 42","12-2012",59855.74
"Mountain-200 Silver, 46","12-2012",70991.69
"Mountain-400-W Silver, 38","12-2012",11080.66
"Mountain-400-W Silver, 40","12-2012",14312.51
"Mountain-400-W Silver, 42","12-2012",9233.88
"Mountain-400-W Silver, 46","12-2012",9233.88
"Mountain-500 Black, 40","12-2012",6803.87
"Mountain-500 Black, 42","12-2012",7775.86
"Mountain-500 Black, 44","12-2012",6155.89
"Mountain-500 Black, 48","12-2012",12311.77
"Mountain-500 Black, 52","12-2012",3239.94
"Mountain-500 Silver, 40","12-2012",12203.78
"Mountain-500 Silver, 42","12-2012",11525.8
"Mountain-500 Silver, 44","12-2012",8135.86
"Mountain-500 Silver, 48","12-2012",8135.86
"Mountain-500 Silver, 52","12-2012",14237.75
Patch Kit/8 Patches,"12-2012",115.42
"Racing Socks, L","12-2012",912.07
"Racing Socks, M","12-2012",481.48
Rear Derailleur,"12-2012",1821.9
"Road-250 Black, 44","12-2012",74766.51
"Road-250 Black, 48","12-2012",78315.23
"Road-250 Black, 52","12-2012",52776.36
"Road-250 Black, 58","12-2012",21990.15
"Road-250 Red, 58","12-2012",21990.15
"Road-350-W Yellow, 40","12-2012",110653.82
"Road-350-W Yellow, 42","12-2012",71505.37
"Road-350-W Yellow, 44","12-2012",23473.66
"Road-350-W Yellow, 48","12-2012",128002.22
"Road-550-W Yellow, 38","12-2012",32270.11
"Road-550-W Yellow, 40","12-2012",33614.7
"Road-550-W Yellow, 42","12-2012",25547.17
"Road-550-W Yellow, 44","12-2012",10084.41
"Road-550-W Yellow, 48","12-2012",41009.93
"Road-750 Black, 44","12-2012",3887.93
"Road-750 Black, 48","12-2012",37352.46
"Road-750 Black, 52","12-2012",30131.01
"Road-750 Black, 58","12-2012",14255.74
"Short-Sleeve Classic Jersey, L","12-2012",7042.63
"Short-Sleeve Classic Jersey, S","12-2012",5536.22
"Short-Sleeve Classic Jersey, XL","12-2012",9201.65
"Sport-100 Helmet, Black","12-2012",2997.94
"Sport-100 Helmet, Blue","12-2012",3131.78
"Sport-100 Helmet, Red","12-2012",2971.18
Touring Pedal,"12-2012",923.29
"Touring-1000 Blue, 46","12-2012",76770.87
"Touring-1000 Blue, 50","12-2012",40052.38
"Touring-1000 Blue, 54","12-2012",18595.75
"Touring-1000 Blue, 60","12-2012",77655.12
"Touring-1000 Yellow, 46","12-2012",62558.0
"Touring-1000 Yellow, 50","12-2012",24412.88
"Touring-1000 Yellow, 54","12-2012",4577.41
"Touring-1000 Yellow, 60","12-2012",41959.63
"Touring-2000 Blue, 46","12-2012",20409.48
"Touring-2000 Blue, 50","12-2012",5102.37
"Touring-2000 Blue, 54","12-2012",42276.78
"Touring-2000 Blue, 60","12-2012",32340.28
"Touring-3000 Blue, 44","12-2012",5678.98
"Touring-3000 Blue, 50","12-2012",17604.83
"Touring-3000 Blue, 54","12-2012",9654.26
"Touring-3000 Blue, 58","12-2012",7098.72
"Touring-3000 Blue, 62","12-2012",2555.54
"Touring-3000 Yellow, 44","12-2012",15901.14
"Touring-3000 Yellow, 50","12-2012",9370.31
"Touring-3000 Yellow, 54","12-2012",9370.31
"Touring-3000 Yellow, 58","12-2012",4543.18
"Touring-3000 Yellow, 62","12-2012",14197.44
Water Bottle - 30 oz.,"12-2012",645.77
"Women's Mountain Shorts, L","12-2012",8160.65
"Women's Mountain Shorts, M","12-2012",1679.76
"Women's Mountain Shorts, S","12-2012",6529.02
